hno,gugun,animal_hospital,approval,road_address,tel,lat,lon,basic_date
1,해운대구,닥터주 동물병원,2013-07-22,"부산광역시 해운대구 좌동순환로402번길 8, 204호 (좌동, 피렌체오피스텔)",051-731-7530,35.16302,129.177735,2023-12-31
2,해운대구,달맞이 호두네 동물병원,2015-05-19,"부산광역시 해운대구 달맞이길65번길 33, 상가동 3층 305호 (중동, 해운대 달맞이 유림 노르웨이숲)",051-746-7077,35.161186,129.173699,2023-12-31
3,해운대구,로이종합동물병원,2013-03-20,"부산광역시 해운대구 센텀중앙로 145, 202호 (재송동, 센텀파크상가2동)",051-742-7975,35.176757,129.123592,2023-12-31
4,해운대구,리더스동물병원,2018-11-19,"부산광역시 해운대구 해운대로 814, 세종월드프라자 A동 301호 (좌동)",051-701-7588,35.169577,129.177678,2023-12-31
5,해운대구,리안 동물병원,2021-02-10,"부산광역시 해운대구 달맞이길 58, 2층 (중동)",051-747-1275,35.161112,129.171076,2023-12-31
6,해운대구,마리동물병원,2014-06-30,"부산광역시 해운대구 해운대로 794, 엘리움 306호 (좌동)",051-702-5750,35.168794,129.175741,2023-12-31
7,해운대구,마린시티 종합동물병원,2010-04-09,"부산광역시 해운대구 마린시티3로 23, 벽산이오렌지프라자 333~336호 (우동)",051-747-7407,35.156647,129.146931,2023-12-31
8,해운대구,마린파크 동물병원,2021-01-21,"부산광역시 해운대구 마린시티2로 2, 마린파크 2층 208호 (우동)",051-751-7585,35.159326,129.144242,2023-12-31
9,해운대구,박창언 동물병원,2020-08-19,부산광역시 해운대구 해운대로177번길 6 (재송동),051-782-7275,35.181964,129.123357,2023-12-31
10,해운대구,반송동물병원,2003-02-25,부산광역시 해운대구 아랫반송로 11-1 (반송동),051-545-0041,35.22559,129.147496,2023-12-31
11,해운대구,반여착한동물병원,2017-01-13,"부산광역시 해운대구 선수촌로 65-19, 농협반여동지점 2층 (반여동)",051-927-7575,35.199648,129.117778,2023-12-31
12,해운대구,벡스코 동물병원,2019-04-16,"부산광역시 해운대구 해운대로 369, 해운대센텀메디칼센터 (우동)",051-715-2228,35.170196,129.137734,2023-12-31
13,해운대구,사랑의동물병원,2014-03-16,"부산광역시 해운대구 좌동순환로 173, 영풍프라자 302호 (좌동)",051-702-1626,35.178161,129.175282,2023-12-31
14,해운대구,성심동물병원,1996-11-29,"부산광역시 해운대구 좌동순환로 308, 3층 (좌동)",051-704-7540,35.168677,129.182562,2023-12-31
15,해운대구,센텀동물종합병원,2006-08-17,"부산광역시 해운대구 센텀중앙로 145, 205호 (재송동)",051-744-6336,35.176757,129.123592,2023-12-31
16,해운대구,마린숲동물병원,2020-06-05,"부산광역시 해운대구 마린시티3로 37, 한일오르듀 207호 (우동)",051-742-7585,35.155449,129.146607,2023-12-31
17,해운대구,스펀지동물병원,2011-05-11,부산광역시 해운대구 해운대로 658-1 (우동),051-746-1075,35.165259,129.162182,2023-12-31
18,해운대구,신도시동물병원,2001-04-02,"부산광역시 해운대구 좌동순환로 178, 2층 (좌동)",051-703-6996,35.177499,129.175522,2023-12-31
19,해운대구,신비한 동물병원 인센텀,2022-03-29,"부산광역시 해운대구 센텀중앙로 60, 106호 (우동)",051-744-7500,35.173829,129.12886,2023-12-31
20,해운대구,아이센텀 동물메디컬센터,2004-02-19,"부산광역시 해운대구 센텀동로 25, B동 204호 (우동, 대우월드마크센텀아파트)",051-746-0075,35.171909,129.131437,2023-12-31
21,해운대구,아이앤지동물병원,2019-06-07,"부산광역시 해운대구 대천로 114, 1층 (좌동)",051-702-5575,35.174829,129.174711,2023-12-31
22,해운대구,아이케어 동물병원,2021-06-25,"부산광역시 해운대구 센텀동로 25, B상가동 203호 (우동, 대우월드마크센텀아파트)",051-715-5640,35.171909,129.131437,2023-12-31
23,해운대구,오션동물메디컬센터,2020-05-06,"부산광역시 해운대구 선수촌로 78, 다솜빌딩 2층 (반여동)",051-711-5999,35.200638,129.119355,2023-12-31
24,해운대구,온누리동물병원,2011-02-17,"부산광역시 해운대구 좌동순환로 309, 303호 (좌동)",051-701-7555,35.168372,129.183191,2023-12-31
25,해운대구,우리동물병원,2003-12-19,부산광역시 해운대구 선수촌로 101 (반여동),051-528-7581,35.202772,129.119241,2023-12-31
26,해운대구,장산동물병원,2007-03-07,"부산광역시 해운대구 반여로 96, 1층 (반여동, 영풍빌딩)",051-529-5388,35.200176,129.1234,2023-12-31
27,해운대구,재송동물병원,1995-03-22,"부산광역시 해운대구 재반로 117-1, 2층 (재송동)",051-784-0079,35.188985,129.126499,2023-12-31
28,해운대구,조앤박동물병원,2010-04-05,"부산광역시 해운대구 양운로 108, 2층 (좌동)",051-702-7511,35.172459,129.174032,2023-12-31
29,해운대구,큰마음동물메디컬센터,2018-01-24,"부산광역시 해운대구 해운대해변로357번길 17, 4~8층 (중동)",051-710-2004,35.164684,129.167716,2023-12-31
30,해운대구,토마스동물병원,2010-02-02,부산광역시 해운대구 반송로 922 (반송동),051-544-0775,35.23247,129.154362,2023-12-31
31,해운대구,푸른동물병원,2001-07-02,부산광역시 해운대구 해운대로61번길 104 (반여동),051-784-1235,35.194669,129.129612,2023-12-31
32,해운대구,해밀동물병원,2020-05-01,"부산광역시 해운대구 송정광어골로 22, 1층 (송정동)",051-710-1766,35.179306,129.197671,2023-12-31
33,해운대구,해운대 24시 동물의료원,2017-06-14,"부산광역시 해운대구 양운로 45, 해운대베르나움 111호 (좌동)",051-702-7581,35.167376,129.176777,2023-12-31
34,해운대구,해운대 플러스동물병원,2016-05-16,"부산광역시 해운대구 세실로 48, 상가동 1-2, 2-2호 (좌동, 해운대삼정코아주상복합)",051-915-8275,35.16968,129.178547,2023-12-31
35,해운대구,해운대동물메디컬센터,2021-08-10,"부산광역시 해운대구 양운로 40, 봉황빌딩 301호 (좌동)",051-702-8275,35.167237,129.177774,2023-12-31
36,해운대구,해운대조은동물병원,2004-03-19,부산광역시 해운대구 해운대로 624 (우동),051-746-7775,35.163569,129.159252,2023-12-31
37,해운대구,해운대 케이 동물병원,1999-01-22,"부산광역시 해운대구 해운대로 580, 4층 (우동)",051-704-7582,35.161211,129.155099,2023-12-31
38,해운대구,행복드림 동물병원,2021-04-12,"부산광역시 해운대구 삼어로 61, 201호 (반여동, 우방신세계아파트)",051-521-0521,35.202849,129.116152,2023-12-31
39,해운대구,화목종합동물병원,2004-03-03,"부산광역시 해운대구 세실로 48, 206호 (좌동)",051-704-4376,35.16968,129.178547,2023-12-31
40,해운대구,힐 동물병원,2018-01-11,"부산광역시 해운대구 좌동순환로433번길 30-1, 해운대힐스테이트위브 224~227호 (중동)",051-747-7966,35.162524,129.179846,2023-12-31
41,금정구,수종합동물병원,1999-01-29,부산광역시 금정구 금강로 340 (장전동),051-582-9335,35.238488,129.0866097,2023-12-31
42,금정구,남산동물병원,2000-06-14,부산광역시 금정구 금강로 703-3 (남산동),051-517-8275,35.27028623,129.0888702,2023-12-31
43,금정구,에이스종합동물병원,2001-06-09,부산광역시 금정구 금강로 578 (구서동),051-582-8701,35.25911835,129.0878525,2023-12-31
44,금정구,구서동물병원,2005-08-19,부산광역시 금정구 금강로 454 (구서동),051-512-1661,35.24806842,129.0887485,2023-12-31
45,부산광역시 동래구,사직동물의료센터,2021-09-07,"부산광역시 동래구 아시아드대로 209, 2층 (온천동, 지영아이니드빌)",051-505-7578,35.2029629,129.0658831,2023-12-31
46,부산광역시 동래구,리브동물의료센터,2022-04-14,부산광역시 동래구 충렬대로125번길 6 (온천동),051-552-5553,35.20614924,129.074574,2023-12-31
47,부산광역시 동래구,온정동물병원,2022-10-14,"부산광역시 동래구 안연로 72, 1층 (안락동)",051-531-8275,35.19369543,129.0989,2023-12-31
48,부산광역시 부산진구,도담동물병원,2002-03-28,부산광역시 부산진구 망양로 973 (범천동),051-818-0251,35.14217029,129.0555656,2023-12-31
49,부산광역시 부산진구,가야종합동물병원,2003-09-03,부산광역시 부산진구 가야대로 491 (개금동),051-894-7559,35.15351324,129.0258266,2023-12-31
50,부산광역시 부산진구,서면동물병원,2007-03-29,부산광역시 부산진구 부전로 87 (부전동),051-809-8092,35.15799841,129.054574,2023-12-31
51,부산광역시 부산진구,더원동물의료센터,2020-09-09,부산광역시 부산진구 새싹로 218 (초읍동),051-808-5550,35.1701946,129.0514274,2023-12-31
52,부산광역시 부산진구,대디동물병원,2020-10-19,"부산광역시 부산진구 동평로 173, 207,208호 (부암동, 협성휴포레시티즌파크아파트)",051-806-5000,35.16635389,129.0473603,2023-12-31
53,부산광역시 부산진구,24시 온동물의료센터,2021-03-02,부산광역시 부산진구 동성로 152 (전포동),051-819-6061,35.16171142,129.0628981,2023-12-31
54,부산광역시 부산진구,풍경동물병원,2021-11-12,부산광역시 부산진구 성지로 110-1(초읍동),051-818-1101,35.17996029,129.0520474,2023-12-31
55,부산광역시 부산진구,올케어 동물의료센터,2022-02-14,"부산광역시 부산진구 동평로 356, 1층 (양정동)",051-714-0011,35.17459977,129.064098,2023-12-31
56,부산광역시 부산진구,위드동물병원,2008-01-04,부산광역시 부산진구 동평로 54 (당감동),051-891-7597,35.16488872,129.0353658,2023-12-31
57,해운대구,BS조은동물병원,2011-02-10,부산광역시 해운대구 윗반송로 73 (반송동),051-544-7588,35.230555,129.156999,2023-12-31
58,해운대구,갑을동물병원,2004-08-16,"부산광역시 해운대구 재반로 148, 32호 (재송동)",051-784-7844,35.190959,129.127957,2023-12-31
59,해운대구,누리동물병원,2014-10-13,부산광역시 해운대구 송정2로13번길 46 (송정동),051-701-7599,35.194809,129.206318,2023-12-31
60,부산광역시 사상구,학장동물병원,2014-10-24,부산광역시 사상구 대동로 129 (학장동),051-312-7555,35.140299,128.981432,2024-01-05
61,부산광역시 기장군,바른진료 동물병원,2021-03-26,"부산광역시 기장군 일광읍 해빛로 13, 일광제일프라자 2층 203호",051-724-7570,35.26618318,129.226425,2024-01-16
62,수영구,남천동물병원,1989-10-05,"부산광역시 수영구 황령대로 505, 1층 (남천동)",051-622-0046,35.13759128,129.1089783,2023-12-31
63,수영구,광안동물병원,1995-05-08,"부산광역시 수영구 수영로 567, 2층 (광안동)",051-751-7829,35.1565138,129.1126488,2023-12-31
64,수영구,이상동물병원,1996-05-20,"부산광역시 수영구 수영로 757, 2층 (수영동)",051-759-0225,35.16745143,129.1219968,2023-12-31
65,수영구,소망애견종합병원,1998-04-30,"부산광역시 수영구 수영로 485, 6동 2호 (남천동, 화목아파트)",051-628-8211,35.14919566,129.1105627,2023-12-31
66,수영구,세진동물병원,2004-02-04,"부산광역시 수영구 과정로15번길 7 (망미동, 국화)",051-751-5656,35.17259678,129.1084771,2023-12-31
67,수영구,사랑동물병원,2004-11-25,부산광역시 수영구 수영로 733 (수영동),051-754-7599,35.16872514,129.119753,2023-12-31
68,수영구,연제종합동물병원,2006-07-27,부산광역시 수영구 연수로 241 (망미동),051-753-8875,35.17344661,129.0973241,2023-12-31
69,수영구,삼성동물병원,2007-02-15,부산광역시 수영구 연수로 235 (망미동),051-754-3270,35.17352548,129.0965787,2023-12-31
70,수영구,ABC동물병원,2012-02-21,부산광역시 수영구 수영로 618-1 (광안동),051-761-2502,35.16092704,129.1140152,2023-12-31
71,수영구,민락동물병원,2014-06-30,부산광역시 수영구 광남로 207 (광안동),051-757-8529,35.15887347,129.1216483,2023-12-31
72,수영구,서울동물병원,2014-10-24,부산광역시 수영구 광안로 19 (광안동),051-514-5404,35.15659162,129.1149657,2023-12-31
73,수영구,나비동물병원,2015-03-18,부산광역시 수영구 광남로 184 (광안동),051-754-6618,35.15705893,129.119999,2023-12-31
74,수영구,차이 동물병원,2015-06-04,"부산광역시 수영구 황령산로 3, 2층 (남천동)",051-627-7542,35.14730882,129.1099005,2023-12-31
75,수영구,알로하 동물병원,2016-03-10,"부산광역시 수영구 수영로 602, 1층 (광안동)",051-757-7845,35.15930737,129.1137077,2023-12-31
76,수영구,클릭퍼피 동물병원,2017-05-22,"부산광역시 수영구 수영로702번길 18, 3층 (광안동)",051-752-4981,35.16687992,129.1165443,2023-12-31
77,수영구,박종현동물병원,2018-01-05,"부산광역시 수영구 광남로 258, 1층 (민락동)",051-744-4179,35.15955506,129.1268713,2023-12-31
78,수영구,이랑동물병원,2018-02-08,"부산광역시 수영구 과정로 37, 1층 (망미동)",051-752-8883,35.17466964,129.1075282,2023-12-31
79,수영구,더프라임동물의료원,2018-04-12,"부산광역시 수영구 수영로 405-1, 2-4층 (남천동)",051-625-2345,35.14260141,129.1081685,2023-12-31
80,수영구,바다동물병원,2019-04-02,"부산광역시 수영구 광남로 125, 1층 (광안동)",051-756-0075,35.15274066,129.1161643,2023-12-31
81,금정구,순동물병원,2013-01-04,부산광역시 금정구 금강로 206-3 (장전동),051-516-7585,35.22681064,129.0830924,2023-12-31
82,금정구,동물병원 산책,2014-08-25,부산광역시 금정구 수림로 25 (부곡동),051-714-0209,35.23911813,129.0887056,2023-12-31
83,금정구,드림동물병원,2015-03-06,부산광역시 금정구 금강로 539 (구서동),051-517-8575,35.25552427,129.0875846,2023-12-31
84,금정구,서동 동물메디컬센터,2015-04-17,부산광역시 금정구 서동로175번길 11 (서동),051-525-7810,35.21490944,129.1063179,2023-12-31
85,금정구,제일2차동물메디컬센터,2015-04-27,부산광역시 금정구 중앙대로 1754 (부곡동),051-516-1175,35.24086159,129.0932776,2023-12-31
86,금정구,제일동물진단영상센터,2015-04-27,부산광역시 금정구 중앙대로 1754 (부곡동),051-516-1175,35.24086159,129.0932776,2023-12-31
87,금정구,쿨펫동물병원 이마트금정점,2015-08-28,"부산광역시 금정구 중앙대로1841번길 24 (구서동, E마트금정점)",051-518-1360,35.24994464,129.0905977,2023-12-31
88,금정구,보담동물의료센터,2023-03-21,"부산광역시 금정구 식물원로 11, 2층 (장전동)",051-953-2000,35.22387552,129.0867332,2023-12-31
89,금정구,에이치동물메디컬센터,2020-03-10,부산광역시 금정구 부곡로 3 (부곡동),051-583-7575,35.21764059,129.0864413,2023-12-31
90,금정구,웰동물병원,2020-11-03,"부산광역시 금정구 금강로403번길 1, 2층 (구서동)",051-515-7272,35.24371012,129.0872618,2023-12-31
91,금정구,지동범 동물 안과 치과 병원,1991-10-09,"부산광역시 금정구 부곡로 184, 1,2층 (부곡동)",051-515-7450,35.23221934,129.0920629,2023-12-31
92,금정구,부곡동물병원,1994-07-05,부산광역시 금정구 부곡로 86 (부곡동),051-517-9247,35.2235103,129.091254,2023-12-31
93,금정구,한독동물병원,1997-09-23,부산광역시 금정구 서동로 200 (서동),051-531-2852,35.21401841,129.10814,2023-12-31
94,부산광역시 남구,문현동물병원,1992-10-20,부산광역시 남구 수영로 38,051-634-4017,35.1364186,129.0718286,2024-01-08
95,부산광역시 남구,용호동물병원,1995-04-08,부산광역시 남구 용호로123번길 5,051-628-0855,35.12136248,129.1125767,2024-01-08
96,부산광역시 남구,우암동물병원,1996-12-02,부산광역시 남구 석포로 7,051-636-5242,35.12223481,129.0821491,2024-01-08
97,부산광역시 남구,25시 동물병원,2000-06-26,부산광역시 남구 수영로 34,051-635-0402,35.13651461,129.071421,2024-01-08
98,부산광역시 남구,튼튼동물병원,2002-08-13,부산광역시 남구 수영로334번길 3,051-621-7555,35.13824774,129.1024278,2024-01-08
99,부산광역시 남구,메트로동물병원,2003-03-24,부산광역시 남구 용호로 20,051-623-7588,35.12828682,129.1069598,2024-01-08
100,부산광역시 남구,조양래 동물의료센터,2003-10-13,부산광역시 남구 수영로 224-1,051-627-2885,35.13484756,129.0911421,2024-01-08
101,부산광역시 남구,해온동물병원,2013-05-02,부산광역시 남구 용호로 233,051-612-7552,35.11142141,129.1112709,2024-01-08
102,부산광역시 남구,다솜고양이메디컬센터,2013-05-23,부산광역시 남구 수영로13번길 3,051-636-7582,35.13743579,129.0692688,2024-01-08
103,부산광역시 남구,지경희동물병원,2013-06-11,부산광역시 남구 용호로 199,051-704-0220,35.11450739,129.1111903,2024-01-08
104,부산광역시 남구,(주)다솜동물메디컬센터,2013-07-15,부산광역시 남구 수영로13번길 3,051-632-7580,35.13743579,129.0692688,2024-01-08
105,부산광역시 남구,헬로동물병원,2013-08-13,부산광역시 남구 분포로 115,051-627-1275,35.13218981,129.1127248,2024-01-08
106,부산광역시 남구,다온 동물병원,2015-11-12,부산광역시 남구 수영로 345,051-622-2171,35.13988753,129.1035202,2024-01-08
107,부산광역시 남구,UN동물의료센터,2017-10-12,부산광역시 남구 수영로 221,051-624-2475,35.13534181,129.0907522,2024-01-08
108,부산광역시 남구,W동물의료센터,2019-05-20,부산광역시 남구 용호로 68,051-626-5050,35.12545631,129.1110378,2024-01-08
109,사하구,사하동물의료원,1992-04-30,부산광역시 사하구 낙동대로 356 (당리동),051-206-1891,35.10154879,128.9788549,2024-01-19
110,사하구,박 동물병원,1992-08-28,부산광역시 사하구 낙동대로 407 (당리동),051-202-4964,35.10334891,128.9736006,2024-01-19
111,사하구,참조은 동물병원,2003-03-26,부산광역시 사하구 낙동대로 295-1 (괴정동),051-292-0141,35.10404299,128.9825264,2024-01-19
112,사하구,장 동물병원,2004-09-15,부산광역시 사하구 윤공단로56번길 55 (다대동),051-262-7582,35.05885554,128.9701881,2024-01-19
113,사하구,하단동물병원,2004-09-23,부산광역시 사하구 하신중앙로 296 (하단동),051-291-4456,35.10357682,128.9631392,2024-01-19
114,사하구,하단오거리 동물의료센터,2005-03-08,"부산광역시 사하구 하신중앙로 340, 1층 (하단동)",051-264-8275,35.10547111,128.9674942,2024-01-19
115,부산광역시 부산진구,부일동물병원,1994-10-05,"부산광역시 부산진구 국악로 5 (연지동, 연지로얄아파트)",051-809-8008,35.17110323,129.0526686,2023-12-31
116,부산광역시 부산진구,화승종합동물병원,1997-08-27,부산광역시 부산진구 동평로 107 (부암동),051-807-7517,35.16602888,129.0411542,2023-12-31
117,부산광역시 부산진구,새부산종합동물병원,1998-03-26,부산광역시 부산진구 전포대로298번길 1 (전포동),051-802-6637,35.16340021,129.0656094,2023-12-31
118,부산광역시 부산진구,애경동물병원,2000-02-12,부산광역시 부산진구 새싹로 155 (연지동),051-808-0251,35.17010804,129.0499773,2023-12-31
119,부산광역시 부산진구,그린동물병원,2001-07-11,"부산광역시 부산진구 전포대로 274 (전포동, 서면대우디오빌2)",051-817-4749,35.16092875,129.0657967,2023-12-31
120,서구,대신동물병원,2001-11-16,부산광역시 서구 망양로 19-1 (서대신동3가),051-254-2304,35.112536,129.013101,2023-12-31
121,서구,대호동물병원,1989-06-30,"부산광역시 서구 구덕로 130 (토성동5가, 해오름상가1층)",051-256-1188,35.0969066,129.0217225,2023-12-31
122,서구,만박동물병원,2015-01-12,"부산광역시 서구 까치고개로 257, 1층 (토성동1가)",051-241-7975,35.0995049,129.0238734,2023-12-31
123,서구,베이시티동물병원,2022-12-06,부산광역시 서구 송도해변로 192(암남동),051-710-0719,35.07875745,129.0229259,2023-12-31
124,서구,가온동물병원,2018-02-02,부산광역시 서구 대영로 36 (서대신동1가),051-241-3131,35.10921,129.015335,2023-12-31
125,부산광역시 연제구,거제동물병원,1975-10-14,부산광역시 연제구 거제대로 146(거제동),051-862-8668,35.18151509,129.0700401,2023-12-31
126,부산광역시 연제구,청조동물병원,1991-11-23,부산광역시 연제구 온천천남로 4(연산동),051-503-0688,35.19296228,129.091273,2023-12-31
127,부산광역시 연제구,양지동물병원,1999-06-19,부산광역시 연제구 월드컵대로114번길 1(연산동),051-867-5595,35.18462032,129.0827072,2023-12-31
128,부산광역시 연제구,현대동물병원,2003-03-28,부산광역시 연제구 과정로 171-1(연산동),051-755-4765,35.18682563,129.1069467,2023-12-31
129,부산광역시 연제구,피정현 동물병원,2009-05-04,"부산광역시 연제구 거제천로 258(연산동, 월드빌스포츠센터)",051-864-7582,35.19161023,129.0852596,2023-12-31
130,부산광역시 연제구,부산동물메디컬센터,2010-12-27,부산광역시 연제구 거제대로 278(거제동),051-868-7591,35.19082822,129.0779583,2023-12-31
131,부산광역시 연제구,망미동물병원,2011-01-12,부산광역시 연제구 과정로 84(연산동),051-753-7580,35.17881741,129.1073759,2023-12-31
132,부산광역시 연제구,토곡동물병원,2014-05-20,부산광역시 연제구 과정로 234-1(연산동),051-759-8669,35.18785674,129.1016245,2023-12-31
133,부산광역시 연제구,MS동물병원,2014-06-17,부산광역시 연제구 과정로 354(연산동),051-868-6631,35.19144922,129.0901328,2023-12-31
134,부산광역시 연제구,아이디펫 동물병원,2015-08-31,부산광역시 연제구 과정로344번길 1(연산동),051-863-8638,35.19078773,129.0905192,2023-12-31
135,부산광역시 연제구,이룸동물병원,2015-09-24,부산광역시 연제구 연수로 140(연산동),051-868-0075,35.17451301,129.0860311,2023-12-31
136,부산광역시 연제구,해비치동물병원,2017-08-03,"부산광역시 연제구 안연로 28, 1층(연산동, 그린주택)",051-753-9875,35.19007735,129.100282,2023-12-31
137,부산광역시 연제구,온천천동물병원,2018-01-24,부산광역시 연제구 세병로 84(거제동),051-868-7579,35.19587759,129.0828238,2023-12-31
138,부산광역시 연제구,진석범동물병원,2018-04-20,부산광역시 연제구 과정로237번길 115(연산동),051-997-8275,35.18476273,129.1068089,2023-12-31
139,부산광역시 연제구,Jpet동물병원,2018-07-12,부산광역시 연제구 연수로 98(연산동),051-853-7579,35.18407489,129.0801967,2023-12-31
140,부산광역시 연제구,엘동물의료센터,2019-08-22,"부산광역시 연제구 중앙대로 1133, 1층(연산동)",051-862-8275,35.18879417,129.0806435,2023-12-31
141,부산광역시 연제구,연산동물의료센터,2021-01-13,부산광역시 연제구 연수로 135(연산동),051-791-0175,35.17494996,129.0855539,2023-12-31
142,부산광역시 중구,고동물병원,1996-06-20,부산광역시 중구 자갈치로47번길 5 (남포동5가),051-246-0473,35.09767884,129.0292058,2023-12-31
143,부산광역시 중구,희망종합동물병원,1998-01-09,"부산광역시 중구 구덕로 51, 2층 (남포동5가)",051-241-0103,35.09796834,129.0301417,2023-12-31
144,부산광역시 중구,피닉스동물병원,1999-11-01,부산광역시 중구 구덕로 30-1 (남포동2가),051-246-7551,35.09807434,129.0325121,2023-12-31
145,부산광역시 영도구,,2004-01-03,부산광역시 영도구 태종로 78,051-415-2468,35.09213928,129.0392806,2023-12-31
146,부산광역시 영도구,,1996-05-09,부산광역시 영도구 동삼로 80,051-405-9493,35.08053566,129.0706151,2023-12-31
147,부산광역시 영도구,,2002-01-04,부산광역시 영도구 태종로 111,051-415-2566,35.09111541,129.0430402,2023-12-31
148,부산광역시 동래구,동래종합동물병원,2012-03-19,"부산광역시 동래구 금강로 69, 105호 (온천동)",051-558-0775,35.21560697,129.0773872,2023-12-31
149,부산광역시 동래구,레알동물병원,2012-07-10,부산광역시 동래구 반송로 243 (안락동),051-524-8275,35.20241123,129.0989227,2023-12-31
150,부산광역시 동래구,바른동물병원,2012-07-27,부산광역시 동래구 충렬대로 488 (안락동),051-531-7582,35.19429868,129.1112629,2023-12-31
151,부산광역시 동래구,뉴욕동물병원,2013-04-19,부산광역시 동래구 명륜로 65 (수안동),051-555-2119,35.19995209,129.0841635,2023-12-31
152,부산광역시 동래구,학산동물병원,2014-04-04,부산광역시 동래구 동래로147번길 6 (복천동),051-557-7577,35.20467189,129.0870334,2023-12-31
153,부산광역시 동래구,스카이동물병원,2014-05-01,"부산광역시 동래구 충렬대로 160, 1층 (온천동)",051-506-8875,35.2043683,129.0773947,2023-12-31
154,부산광역시 동래구,훈 동물병원,2014-05-12,부산광역시 동래구 명륜로194번길 2 (명륜동),051-554-0010,35.21105706,129.082892,2023-12-31
155,부산광역시 동래구,유성준동물병원,2016-03-08,"부산광역시 동래구 명륜로 90 (수안동, 호원메디컬)",051-555-4813,35.20225575,129.0841711,2023-12-31
156,부산광역시 동래구,온천동물병원,2016-10-28,부산광역시 동래구 아시아드대로 207 (온천동),051-505-4088,35.20270319,129.0658144,2023-12-31
157,부산광역시 동래구,노블동물병원,2018-05-31,부산광역시 동래구 아시아드대로 160 (사직동),051-982-2580,35.19866202,129.0654625,2023-12-31
158,부산광역시 동래구,대일종합동물병원,2019-04-08,부산광역시 동래구 충렬대로 435 (안락동),051-529-2991,35.19648977,129.1061241,2023-12-31
159,부산광역시 동래구,유기화동물의료센터,2019-12-26,부산광역시 동래구 아시아드대로 131-1 (사직동),051-506-8492,35.19619127,129.0656183,2023-12-31
160,부산광역시 동래구,린동물병원,2020-06-03,부산광역시 동래구 중앙대로1381번길 43 (온천동),051-514-2470,35.21102815,129.0755263,2023-12-31
161,부산광역시 동래구,헤아림동물병원,2021-03-23,부산광역시 동래구  충렬대로 288 (낙민동),051-555-1125,35.20009887,129.0904351,2023-12-31
162,부산광역시 동래구,24시 리본동물의료센터,2021-03-31,부산광역시 동래구 충렬대로 194 2층 (명륜동),051-711-0006,35.20291583,129.0809845,2023-12-31
163,부산광역시 동래구,24시 리본동물영상센터,2021-03-31,부산광역시 동래구 충렬대로 194 3층 (명륜동),051-711-0006,35.20291583,129.0809845,2023-12-31
164,부산광역시 동래구,온마음동물병원,2021-07-08,부산광역시 동래구 중앙대로1473번길 24 온천장역삼정그린코아더시티 상가동 109~110호 (온천동),051-552-6800,35.21807192,129.0825697,2023-12-31
165,부산광역시 부산진구,정훈동물병원,2014-04-25,"부산광역시 부산진구 부전로66번길 12, 2층 (부전동)",051-809-7975,35.15577406,129.0553684,2023-12-31
166,부산광역시 부산진구,스타동물병원,2014-12-11,"부산광역시 부산진구 전포대로 170, B1층 104호 (전포동)",051-819-7588,35.15180674,129.0657873,2023-12-31
167,부산광역시 부산진구,양·한방 전문 힘찬동물병원,2016-09-09,"부산광역시 부산진구 대학로 1, 1,2층 (가야동)",051-894-8275,35.15467839,129.0382326,2023-12-31
168,부산광역시 부산진구,닥터펫 동물의료센터,2016-11-29,"부산광역시 부산진구 개금온정로 6 (개금동, 개금블루스카이)",051-891-8575,35.15367771,129.0255653,2023-12-31
169,부산광역시 부산진구,하이동물병원,2023-08-01,"부산광역시 부산진구 거제대로 18, 1, 2층 (양정동)",051-852-7570,35.1701852,129.0677114,2023-12-31
170,부산광역시 부산진구,롯데동물메디컬센터,2019-09-18,부산광역시 부산진구 거제대로 20 (양정동),"051-851-6612,3",35.17037746,129.0675997,2023-12-31
171,부산광역시 부산진구,보듬 동물병원,2020-03-11,"부산광역시 부산진구 가야대로 517, 윤정빌딩 (가야동)",051-894-1202,35.15365246,129.0285393,2023-12-31
172,부산광역시 부산진구,서면Q 외과 동물병원,2020-04-13,"부산광역시 부산진구 서전로 25, 이오스프라자 201호 (전포동)",051-818-5975,35.15796437,129.0625859,2023-12-31
173,부산광역시 부산진구,부산종합동물병원,1991-03-20,부산광역시 부산진구 중앙대로 867 (양정동),051-817-4626,35.16853621,129.0668511,2023-12-31
174,부산광역시 부산진구,초읍동물병원,2008-06-13,부산광역시 부산진구 새싹로 243-4 (초읍동),051-805-0975,35.17820938,129.0481493,2023-12-31
175,부산광역시 부산진구,신개금동물병원,2011-04-07,부산광역시 부산진구 복지로 47 (개금동),051-891-1077,35.14904924,129.0207441,2023-12-31
176,부산광역시 부산진구,웰니스크리닉,2011-08-24,"부산광역시 부산진구 시민공원로 31, 이마트트레이더스서면점 (부암동)",051-803-7511,35.1639021,129.0525537,2023-12-31
177,부산광역시 부산진구,펫케어 동물병원,2012-04-27,"부산광역시 부산진구 가야공원로 6, B112호 (가야동, 가야센트레빌아파트)",051-896-7582,35.15298214,129.0289259,2023-12-31
178,부산광역시 부산진구,미소동물병원,2013-02-08,"부산광역시 부산진구 가야대로 754 (부전동, 한솔폴라리스)",051-894-5433,35.15710324,129.05386,2023-12-31
179,부산광역시 부산진구,우진동물병원,1992-08-07,"부산광역시 부산진구 동평로 115-1, 1층 (부암동)",051-865-1782,35.16624608,129.042101,2023-12-31
180,동구,동구종합동물병원,1992-07-04,부산광역시 동구 망양로 835-1,051-441-6383,35.13607256,129.045677,2023-06-30
181,동구,시민동물병원,2005-06-24,부산광역시 동구 초량상로 84-1,051-464-5975,35.11918641,129.038692,2023-06-30
182,동구,하나동물병원,2009-05-11,"부산광역시 동구 수정동로 11, 1층",051-462-6790,35.12963377,129.0449582,2023-06-30
183,동구,구구동물병원,2020-10-19,부산광역시 동구 범일로 64,051-638-9977,35.13553638,129.0596496,2023-06-30
184,동구,성경완동물병원,2022-05-04,"부산광역시 동구 고관로 48, 제1동 103호",051-465-7582,35.12359685,129.0436303,2023-06-30
185,서구,길경진동물병원,2005-12-08,부산광역시 서구 구덕로 308 (동대신동2가),051-244-5504,35.111374,129.017342,2023-12-31
186,부산광역시 사상구,서부산동물메디컬센터,2018-05-11,"부산광역시 사상구 낙동대로 786, 애진빌딩 201호 (엄궁동)",0507-1329-887,35.130819,128.972253,2024-01-05
187,부산광역시 사상구,가나다 동물병원,2020-06-09,부산광역시 사상구 가야대로 325 (주례동),0507-1372-7983,35.15144,129.008089,2024-01-05
188,부산광역시 사상구,사상동물병원,1989-11-23,부산광역시 사상구 사상로 153 (괘법동),051-322-3026,35.163846,128.990222,2024-01-05
189,부산광역시 사상구,주례동물병원,1991-10-16,부산광역시 사상구 가야대로 258 (주례동),051-313-2559,35.15089,129.003749,2024-01-05
190,부산광역시 사상구,모라동물병원,1996-03-11,부산광역시 사상구 백양대로 957 (모라동),051-325-1638,35.150068,129.000935,2024-01-05
191,부산광역시 사상구,신병헌동물병원,1996-03-20,부산광역시 사상구 사상로 261 (덕포동),051-304-6455,35.171774,128.98637,2024-01-05
192,부산광역시 사상구,대성동물병원,1998-12-21,부산광역시 사상구 주례로10번길 125 (주례동),051-317-7558,35.149513,129.004646,2024-01-05
193,부산광역시 사상구,개금동물병원,2003-01-22,부산광역시 사상구 가야대로 367 (주례동),051-324-9954,35.15164,129.012837,2024-01-05
194,부산광역시 사상구,엄궁종합동물병원,2003-08-25,부산광역시 사상구 대동로 18 (엄궁동),051-316-7597,35.132241,128.97322,2024-01-05
195,부산광역시 사상구,고은동물병원,2004-09-22,부산광역시 사상구 모라로 107 (모라동),051-311-7578,35.186544,128.991267,2024-01-05
196,부산광역시 사상구,쿨펫동물병원,2006-05-19,"부산광역시 사상구 낙동대로 733, 롯데마트엄궁점 2층 (엄궁동)",051-314-7582,35.127775,128.968312,2024-01-05
197,부산광역시 기장군,마레동물병원,2023-07-04,"부산광역시 기장군 일광읍 해송4로 16, 일광역에코테라스 209호",051-988-5025,35.26649556,129.2320457,2024-01-16
198,부산광역시 기장군,좌천동물병원,1987-01-14,부산광역시 기장군 장안읍 해맞이로 17-1,051-727-0170,35.3134109,129.2452498,2024-01-16
199,부산광역시 기장군,기장동물병원,1996-06-20,부산광역시 기장군 기장읍 차성로288번길 61,051-721-8075,35.24324651,129.2172125,2024-01-16
200,부산광역시 기장군,킴스동물병원,2012-09-05,부산광역시 기장군 정관읍 정관로 565,051-728-2236,35.32180314,129.1759497,2024-01-16
201,부산광역시 기장군,지 동물병원,2014-10-31,부산광역시 기장군 정관면 용수로 21,051-728-0557,35.32568156,129.1784585,2024-01-16
202,부산광역시 기장군,아산동물의료센터,2015-09-01,부산광역시 기장군 정관읍 정관로 583,051-727-7522,35.32116351,129.177766,2024-01-16
203,부산광역시 기장군,정관착한동물병원,2016-05-30,"부산광역시 기장군 정관읍 정관로 575-3, 2층 202호 (정관제일타워Ⅱ)",051-923-0119,35.32153408,129.1767376,2024-01-16
204,부산광역시 기장군,디알씨동물병원,2016-08-22,부산광역시 기장군 기장읍 차성로 314 1층,051-624-8275,35.24559592,129.2139404,2024-01-16
205,부산광역시 기장군,배산 동물병원,2020-12-02,부산광역시 기장군 기장읍 차성로 286,051-755-1175,35.24288433,129.2137901,2024-01-16
206,부산광역시 기장군,일광해빛동물병원,2021-02-18,"부산광역시 기장군 일광읍 해빛6로 85-4, 스타타워Ⅱ 3층 301,302호",051-721-7975,35.26524867,129.2270263,2024-01-16
207,북구,덕천동물의료센터,1991-01-17,부산광역시 북구 만덕대로 119 (덕천동),051-332-8060,35.21340581,129.0178817,2024-01-12
208,북구,백양동물병원,1992-06-15,부산광역시 북구 덕천로 290 (만덕동),051-332-7588,35.20949644,129.0356141,2024-01-12
209,북구,노아동물병원,1999-07-02,"부산광역시 북구 금곡대로 175 (화명동, 화명2차동원로얄듀크비스타)",051-343-7588,35.22489686,129.0094792,2024-01-12
210,북구,21세기종합동물병원,2002-12-21,부산광역시 북구 만덕대로 34 (덕천동),051-365-0075,35.21075984,129.0087877,2024-01-12
211,북구,장원동물병원,2003-03-21,"부산광역시 북구 시랑로 1, 장원동물병원 (구포동)",051-342-3739,35.20532307,129.004624,2024-01-12
212,북구,차동물병원,2003-09-02,부산광역시 북구 금곡대로 304 (화명동),051-331-7582,35.23544954,129.0140925,2024-01-12
213,북구,행복한동물병원,2009-07-02,"부산광역시 북구 금곡대로 344 (화명동,화명빌딩202호)",051-363-7593,35.23911504,129.0144678,2024-01-12
214,북구,만덕24시동물병원,2012-03-08,부산광역시 북구 덕천로 227 (만덕동),051-337-0075,35.21080614,129.0289641,2024-01-12
215,북구,카이저 동물병원,2013-04-16,"부산광역시 북구 금곡대로 182, 새마을금고 (화명동)",051-361-7582,35.22502619,129.0101838,2024-01-12
216,북구,그랜드 동물병원,2014-06-09,"부산광역시 북구 학사로 299, 해림빌딩 (금곡동)",051-365-7588,35.24759446,129.0126287,2024-01-12
217,북구,해든동물병원,2016-06-10,부산광역시 북구 백양대로 1053 (구포동),051-343-3834,35.19944983,128.996535,2024-01-12
218,북구,유동물의료센터,2017-06-14,부산광역시 북구 만덕대로 41 (덕천동),051-343-7566,35.21139426,129.0094545,2024-01-12
219,북구,더힐동물병원,2018-01-31,"부산광역시 북구 만덕대로 147,  1층 105호,106호 (덕천동, 삼정그린코아아파트)",051-341-3344,35.21338054,129.0208799,2024-01-12
220,북구,원 동물병원,2018-09-20,"부산광역시 북구 금곡대로 287, 삼한골든뷰 2층 202,203호 (화명동)",051-333-7584,35.23418517,129.0133077,2024-01-12
221,북구,토브동물병원,2019-05-15,"부산광역시 북구 화명대로 20, 대성빌딩 101호 (화명동)",051-361-9975,35.23471656,129.0101283,2024-01-12
222,북구,베이직 동물병원,2020-04-08,"부산광역시 북구 만덕3로 55-1, 2층 (만덕동)",051-342-5999,35.21117833,129.0297156,2024-01-12
223,부산광역시 강서구,KRA 부산동물병원,2004-03-04,부산광역시 강서구 가락대로 929 (범방동),051-901-7434,35.1546389,128.8819186,2024-01-16
224,부산광역시 강서구,명지종합동물병원,2012-08-13,"부산광역시 강서구 명지오션시티11로 74 (명지동,명지오션타워 204)",051-271-8889,35.08404893,128.9039446,2024-01-16
225,부산광역시 강서구,명지오션시티동물병원,2013-06-04,부산광역시 강서구 명지오션시티11로 66 (명지동),051-271-7582,35.08402778,128.9031548,2024-01-16
226,부산광역시 강서구,스마일동물병원,2013-10-30,부산광역시 강서구 가락대로 929 (범방동),051-901-7384,35.1546389,128.8819186,2024-01-16
227,부산광역시 강서구,해옴동물병원,2016-02-01,부산광역시 강서구 명지오션시티4로 69 (명지동),051-271-8119,35.08277795,128.9039415,2024-01-16
228,부산광역시 강서구,네오메디컬동물병원,2016-04-15,부산광역시 강서구 명지국제6로 234 (명지동),051-291-4545,35.09643441,128.9230557,2024-01-16
229,부산광역시 강서구,국제동물병원,2016-12-16,부산광역시 강서구 명지국제8로 243 (명지동),051-204-7588,35.09843538,128.9195246,2024-01-16
230,부산광역시 강서구,이로운동물병원,2017-09-25,"부산광역시 강서구 명지국제11로 35, 103동 105호 (명지동)",051-916-7575,35.10472338,128.9224034,2024-01-16
231,부산광역시 강서구,마리동물병원,2018-03-14,"부산광역시 강서구 가락대로 929, 부산경남경마공원 (범방동)",051-901-7482,35.1546389,128.8819186,2024-01-16
232,부산광역시 강서구,홈즈 동물병원,2020-04-06,"부산광역시 강서구 명지국제8로 233, 2층 203호 (명지동)",051-294-7555,35.09853492,128.9182864,2024-01-16
233,부산광역시 강서구,신호 동물병원,2021-08-17,"부산광역시 강서구 신호산단1로 124, 103호 (신호동)",051-972-0972,128.8773203,35.08112587,2024-01-16
234,부산광역시 동래구,재생동물병원,1982-11-29,부산광역시 동래구 충렬대로 268-1 (낙민동),051-555-4130,35.20069135,129.0885107,2023-12-31
235,부산광역시 동래구,안락동물병원,1990-07-07,부산광역시 동래구 안연로98번길 4 (안락동),051-556-8747,35.19582491,129.0979557,2023-12-31
236,부산광역시 동래구,한양종합동물병원,1991-09-03,부산광역시 동래구 반송로 265 (명장동),051-527-8742,35.20381205,129.100627,2023-12-31
237,부산광역시 동래구,사직삼보동물병원,1992-01-14,부산광역시 동래구 사직북로63번길 11 (사직동),051-504-1813,35.19976067,129.0576444,2023-12-31
238,부산광역시 동래구,한사랑동물병원,1998-01-13,부산광역시 동래구 명륜로98번길 1 (명륜동),051-555-8300,35.20274842,129.0836001,2023-12-31
239,부산광역시 동래구,동양축산병원,1998-02-26,"부산광역시 동래구 명륜로 151, 1층 108호 (명륜동)",051-552-3003,35.20730401,129.0816781,2023-12-31
240,부산광역시 동래구,초원동물병원,2006-06-15,부산광역시 동래구 명장로 150 (안락동),051-525-1275,35.19837485,129.1122332,2023-12-31
241,부산광역시 동래구,자연동물병원,2008-02-22,부산광역시 동래구 사직로70번길 50 (사직동),051-506-7975,35.19746429,129.0577268,2023-12-31
242,부산광역시 기장군,힐링페츠동물병원,2022-01-26,"부산광역시 기장군 기장읍 대청로 8, 1층",051-724-7585,35.23778244,129.2111102,2024-01-16
243,수영구,메이동물의료센터,2019-09-11,"부산광역시 수영구 수영로 610, 호암 2층 (광안동)",051-752-6667,35.16008976,129.1139049,2023-12-31
244,수영구,센텀동물메디컬센터,2019-12-03,"부산광역시 수영구 연수로 407-1, 2-3층 (수영동)",051-746-7582,35.16842664,129.1140078,2023-12-31
245,수영구,유어캣 고양이병원,2020-07-03,"부산광역시 수영구 무학로63번길 142, 401동 2층 203호 (민락동, 센텀비스타동원2차)",051-757-1275,35.16747047,129.1189674,2023-12-31
246,수영구,오리진 동물피부과병원,2020-10-06,"부산광역시 수영구 광안해변로370번길 9-8, 블루오션 3층 (민락동)",051-753-7582,35.15560487,129.133852,2023-12-31
247,수영구,베스트프렌드 동물병원,2023-02-07,부산광역시 수영구 연수로 296(망미동),051-753-2966,35.17267567,129.1031144,2023-12-31
248,수영구,더에스동물병원,2023-06-09,"부산광역시 수영구 수영로464번길 6, 목원빌딩 3층 302호(남천동)",051-913-7582,35.14717614,129.1105406,2023-12-31
249,금정구,금빛동물의료센터,2011-10-11,"부산광역시 금정구 식물원로 38, 주현빌딩 2층 (장전동)",051-515-5179,35.22502371,129.0843428,2023-12-31
250,북구,동행동물의료센터,2021-06-08,"부산광역시 북구 금곡대로 126, 채움센트럴 3층 (덕천동)",051-908-7575,35.22011251,129.0081566,2024-01-12
251,북구,허그동물의료센터,2022-09-05,"부산광역시 북구 금곡대로 366, 대진빌딩 1층",051-714-5251,35.24106321,129.0143273,2024-01-12
252,부산광역시 연제구,24시 센텀동물메디컬센터 연산점,2021-12-28,"부산광역시 연제구 법원북로 34,104동 2504호(거제동,거제1차현대홈타운)",051-711-8253,35.19243038,129.0711167,2023-12-31
253,부산광역시 남구,더본 외과동물의료센터,2021-09-01,부산광역시 남구 수영로 364,051-711-7515,35.13942265,129.1053498,2024-01-08
254,부산광역시 영도구,,2009-09-30,부산광역시 영도구 태종로 430,051-414-7588,35.0893575,129.0678792,2023-12-31
255,사하구,한솔동물병원,2006-06-20,부산광역시 사하구 낙동대로 184 (괴정동),051-201-0475,35.10166711,128.9963948,2024-01-19
256,사하구,스마트동물병원,2006-07-21,부산광역시 사하구 다대로 624 (다대동),051-261-1891,35.05086817,128.9702908,2024-01-19
257,사하구,다대동물병원,2007-02-02,부산광역시 사하구 다대로 549 (다대동),051-266-7582,35.05723329,128.9712761,2024-01-19
258,사하구,괴정동물병원,2008-04-07,부산광역시 사하구 낙동대로250번안길 15 (괴정동),051-207-3344,35.09972769,128.988869,2024-01-19
259,사하구,부산야생동물치료센터,2008-10-16,부산광역시 사하구 낙동남로 1240 (하단동),051-209-2091,35.10448731,128.9459837,2024-01-19
260,사하구,삼성종합동물병원,2012-08-21,부산광역시 사하구 감천로 32 (감천동),051-205-1017,35.09078073,128.9960757,2024-01-19
261,사하구,라온동물병원,2013-07-02,부산광역시 사하구 낙동대로 511 (하단동),051-291-7900,35.10980255,128.9657794,2024-01-19
262,사하구,김현태김동민 동물병원,2014-12-17,부산광역시 사하구 다송로 36 (다대동),051-265-7582,35.06407983,128.9818602,2024-01-19
263,사하구,코끼리동물병원,2015-04-27,부산광역시 사하구 하신번영로 201 (신평동),051-204-7576,35.09885507,128.9583892,2024-01-19
264,사하구,행복한 동물병원,2022-04-29,"부산광역시 사하구 을숙도대로 713, 1층 (신평동)",051-714-2435,35.08522306,128.9834518,2024-01-19
265,사하구,모아동물병원,2022-05-19,"부산광역시 사하구 장림번영로 41, 1층 (장림동)",051-265-0114,35.08083406,128.9699332,2024-01-19
266,사하구,더바른 동물병원,2022-07-06,"부산광역시 사하구 다대로 700, 2층 (다대동)",051-717-2316,35.04869327,128.9649598,2024-01-19
267,사하구,정직한 동물병원,2023-06-12,"부산광역시 사하구 하신중앙로 182, 2층 201호 (신평동)",051-205-2323,35.0947936,128.9624435,2024-01-19
268,부산광역시 강서구,명지 수동물병원,2022-07-08,"부산광역시 강서구 명지국제2로 29, 203호 (명지동)",051-710-7574,35.09415059,128.9067871,2024-01-16
269,부산광역시 강서구,어울림동물메디컬센터,2022-07-12,"부산광역시 강서구 명지국제8로 270, 1동 202호 (명지동)",051-711-7581,35.09751444,128.9220918,2024-01-16
270,부산광역시 강서구,테디펫닥터동물병원,2023-05-04,부산광역시 강서구 명지국제6로232번길 14-8 (명지동),,35.09570098,128.9234861,2024-01-16
271,부산광역시 동래구,24시 더휴동물의료센터,2022-12-28,"부산광역시 동래구 온천장로 20, 1층 (온천동)",051-513-6060,35.21399083,129.079534,2023-12-31
272,부산광역시 동래구,포레동물병원,2023-07-11,"부산광역시 동래구 명장로 58, 1층 (명장동)",051-526-7588,35.20453297,129.1072627,2023-12-31
273,부산광역시 부산진구,리치동물병원,2008-03-28,"부산광역시 부산진구 당감서로 84, 아시아드빌딩상가 (당감동)",051-892-0280,35.167749,129.0371365,2023-12-31
274,부산광역시 부산진구,당감동물병원,1991-09-30,부산광역시 부산진구 당감로 31-1 (당감동),051-897-7271,35.16453094,129.039247,2023-12-31
275,부산광역시 부산진구,정원동물병원,2023-08-11,"부산광역시 부산진구 성지로 34, 2층 (연지동)",051-897-7272,35.16453094,129.039247,2023-12-31
